l_english:
 CW_DATE_April:0 "Fourth Moon"
 CW_DATE_August:0 "Eighth Moon"
 CW_DATE_December:0 "Twelfth Moon"
 CW_DATE_February:0 "Second Moon"
 CW_DATE_Friday:0 "Friday"
 CW_DATE_January:0 "First Moon"
 CW_DATE_July:0 "Seventh Moon"
 CW_DATE_June:0 "Sixth Moon"
 CW_DATE_March:0 "Third Moon"
 CW_DATE_May:0 "Fifth Moon"
 CW_DATE_Monday:0 "Monday"
 CW_DATE_November:0 "Eleventh Moon"
 CW_DATE_October:0 "Tenth Moon"
 CW_DATE_Saturday:0 "Saturday"
 CW_DATE_September:0 "Ninth Moon"
 CW_DATE_Sunday:0 "Sunday"
 CW_DATE_Thursday:0 "Thursday"
 CW_DATE_Tuesday:0 "Tuesday"
 CW_DATE_Wednesday:0 "Wednesday"
 CW_DATE_Jan:0 "1st"
 CW_DATE_Feb:0 "2nd"
 CW_DATE_Mar:0 "3rd"
 CW_DATE_Apr:0 "4th"
 CW_DATE_Jun:0 "6th"
 CW_DATE_Jul:0 "7th"
 CW_DATE_Aug:0 "8th"
 CW_DATE_Sep:0 "9th"
 CW_DATE_Oct:0 "10th"
 CW_DATE_Nov:0 "11th"
 CW_DATE_Dec:0 "12th"
 CW_DATE_Mon:0 "Mon"
 CW_DATE_Tue:0 "Tue"
 CW_DATE_Wed:0 "Wed"
 CW_DATE_Thu:0 "Thu"
 CW_DATE_Fri:0 "Fri"
 CW_DATE_Sat:0 "Sat"
 CW_DATE_Sun:0 "Sun"
